{"cameraMode":{"drawMode":0,"name":"Shaded","section":"Shading Mode"},"sceneLighting":false,"audioPlay":false,"sceneViewState":{"showFog":false,"showMaterialUpdate":false,"showSkybox":false,"showFlares":false,"showImageEffects":false,"showParticleSystems":true},"in2DMode":false,"pivot":{"x":-83.58258056640625,"y":-1.414025068283081,"z":-2.220975399017334},"rotation":{"x":-0.29404670000076296,"y":0.24635033309459687,"z":-0.07871994376182556,"w":-0.9201365113258362},"size":15.601663589477539,"orthographic":false}